{
    "$schema": "./node_modules/nx/schemas/nx-schema.json",
    "affected": {
        "defaultBase": "master"
    },
    "targetDefaults": {
        "build": {
            "cache": true,
            "dependsOn": ["^build"],
            "inputs": ["production", "^production"]
        },
        "lint": {
            "cache": true,
            "inputs": [
                "default",
                "{workspaceRoot}/.eslintrc.json",
                "{workspaceRoot}/.eslintignore",
                "{workspaceRoot}/eslint.config.js"
            ]
        },
        "test": {
            "cache": true,
            "inputs": [
                "default",
                "^production",
                "{workspaceRoot}/jest.preset.js"
            ]
        },
        "e2e": {
            "cache": true,
            "inputs": ["default", "^production"]
        }
    },
    "namedInputs": {
        "default": ["{projectRoot}/**/*", "sharedGlobals"],
        "production": [
            "default",
            "!{projectRoot}/**/?(*.)+(spec|test).[jt]s?(x)?(.snap)",
            "!{projectRoot}/tsconfig.spec.json",
            "!{projectRoot}/jest.config.[jt]s",
            "!{projectRoot}/src/test-setup.[jt]s",
            "!{projectRoot}/test-setup.[jt]s",
            "!{projectRoot}/.eslintrc.json",
            "!{projectRoot}/eslint.config.js"
        ],
        "sharedGlobals": []
    },
    "generators": {
        "@nx/angular:application": {
            "style": "css",
            "linter": "eslint",
            "unitTestRunner": "jest",
            "e2eTestRunner": "cypress"
        },
        "@nx/angular:library": {
            "linter": "eslint",
            "unitTestRunner": "jest"
        },
        "@nx/angular:component": {
            "style": "css"
        }
    },
    "nxCloudAccessToken": "ZjM2ZDA1YjgtMWY1Ny00M2YxLWFlZmMtNjUxYzk3OWFjYmJmfHJlYWQtd3JpdGU="
}
